bh_bar,break_even_win_rate,control_mean,control_trades,edge,entry_distance,exit_stop,exit_target,exit_time,few_trades,max_hold_minutes,no_new_entry_after,no_reward,p,params_hash,reward,rule_mean,survives_fdr,t,trades,underpowered,volume_ratio_min,win_rate
nan,1.0,-8.45757986731083e-06,8204,3.8213420769936085e-06,-0.001,15,2560,5685,False,5,15:40,True,0.8075628696396411,094c246a72f75be7,0.0,-4.636237790317208e-06,False,0.24357128524085478,8260,True,1.0,0.5828087167070218
nan,1.0,-3.72500386896326e-05,6610,6.364368560675152e-06,-0.001,112,3215,3202,False,15,15:40,True,0.799732778499997,30e375a1f6fb2903,0.0,-3.0885670128957344e-05,False,0.2536929532420162,6652,True,1.0,0.6473241130487072
nan,1.0,-2.9103421932372876e-05,5172,-1.0728322426389457e-06,-0.001,207,3381,1469,False,30,15:40,True,0.9742410393810829,10f1e2f28614170d,0.0,-3.017625417501177e-05,False,-0.03228967962480884,5226,True,1.0,0.7139303482587065
nan,1.0,-3.993096758172921e-05,4423,-5.564427411532256e-06,-0.001,307,3447,511,False,60,15:40,True,0.8863739441069145,1b68b848156839c5,0.0,-4.549539499326145e-05,False,-0.1428939406730585,4452,True,1.0,0.7679694519317161
nan,1.0,-2.2599642667344887e-05,4171,-2.1530441556144844e-05,-0.001,373,3482,97,False,120,15:40,True,0.6105511141904952,9d631cca911d45e4,0.0,-4.413008422348948e-05,False,-0.5092869352370359,4155,True,1.0,0.790373044524669
nan,1.0,-4.242341995027112e-05,4107,-2.308675457095657e-06,-0.001,388,3487,5,False,240,15:40,True,0.9572370865975475,8829d0983a34077e,0.0,-4.4732095407366826e-05,False,-0.05362104819845034,4082,True,1.0,0.7959333659970602
0.05833333333333334,0.8333333333333334,6.0955299729655754e-06,5988,-1.0275175651195993e-05,-0.002,17,512,5121,False,5,15:40,False,0.6167148848252753,e1c75fc8e7cfd083,0.001,-4.1796456782304206e-06,False,-0.5005116077703876,5650,False,1.0,0.5058407079646018
0.03854166666666667,0.8333333333333334,-1.607337048213523e-05,4742,-2.7680086448946074e-05,-0.002,118,1020,3003,False,15,15:40,False,0.4169045430273299,4030083b37f7f21c,0.001,-4.3753456931081106e-05,False,-0.8118032393331762,4249,False,1.0,0.5321252059308073
0.09166666666666667,0.8333333333333334,-3.093827378168551e-05,3559,-4.937323282873863e-06,-0.002,193,1241,1417,False,30,15:40,False,0.9209190593471287,8ade7366d4429cfe,0.001,-3.5875597064559365e-05,False,-0.09927609338622048,3014,False,1.0,0.5859323158593231
0.08854166666666667,0.8333333333333334,-7.239224116610958e-05,2828,-1.0388636321344977e-05,-0.002,297,1331,500,False,60,15:40,False,0.8754415519640456,11b4b99b58bb7107,0.001,-8.278087748745464e-05,False,-0.1567504159750726,2300,False,1.0,0.6430434782608696
0.06354166666666666,0.8333333333333334,-5.234449052190219e-05,2513,-3.338905092767809e-05,-0.002,357,1382,93,False,120,15:40,False,0.6546969204847213,a0035b0bfc2a4848,0.001,-8.573354144958039e-05,False,-0.4472467356325842,2021,False,1.0,0.6912419594260267
0.09375,0.8333333333333334,-8.361580295103096e-05,2429,-4.844631678451879e-06,-0.002,369,1389,5,False,240,15:40,False,0.9500535438461288,01bcba699803ef6e,0.001,-8.846043462948273e-05,False,-0.06263953875824228,1951,False,1.0,0.6981035366478728
0.05416666666666667,0.7142857142857143,-1.0992788143686923e-05,4052,1.5788103147523172e-05,-0.003,15,121,3644,False,5,15:40,False,0.5516733339228708,9a19eafbfef8ee22,0.002,4.795315003836214e-06,False,0.5952545466062842,3780,False,1.0,0.5029100529100529
0.06458333333333334,0.7142857142857143,-3.242906383982337e-05,3133,-2.0387128076328338e-05,-0.003,92,331,2317,False,15,15:40,False,0.6552600834162672,40e6dc6461c43706,0.002,-5.2816191916151635e-05,False,-0.44646680822718693,2825,False,1.0,0.5005309734513275
0.08541666666666667,0.7142857142857143,-5.3856048727191574e-05,2303,-1.2776172505799922e-05,-0.003,166,511,1160,False,30,15:40,False,0.8517745669192246,38a911a0347dbaaf,0.002,-6.66322212329915e-05,False,-0.18685468825875315,1966,False,1.0,0.5279755849440488
0.07187500000000001,0.7142857142857143,-6.401312326496671e-05,1780,-3.3502445092260796e-05,-0.003,240,632,436,False,60,15:40,False,0.7156536092353845,eda1442bc2c58a09,0.002,-9.751556835722727e-05,False,-0.36427373726371964,1468,False,1.0,0.5606267029972752
0.046875,0.7142857142857143,-4.082769431456745e-05,1531,-7.283806450201467e-05,-0.003,291,690,88,False,120,15:40,False,0.5094771452500892,420b154f1280d585,0.002,-0.00011366575881658189,False,-0.6596520482082526,1236,False,1.0,0.6197411003236246
0.06145833333333334,0.7142857142857143,-7.759531356381286e-05,1480,-5.375429207649019e-05,-0.003,302,703,6,False,240,15:40,False,0.6389211025534551,61efa256358cc0a6,0.002,-0.00013134960564030302,False,-0.4692078113878128,1179,False,1.0,0.6327396098388465
0.03541666666666667,0.5555555555555555,-2.7760291016870194e-05,1854,4.035849467707153e-05,-0.005,9,17,1701,False,5,15:40,False,0.3426197472962821,755e2333fdc50b82,0.004,1.2598203660201358e-05,False,0.9490017003160864,1727,False,1.0,0.4846554719166184
0.09062500000000001,0.5555555555555555,-5.1652440795064586e-05,1451,-7.915441133217494e-06,-0.005,50,51,1140,False,15,15:40,False,0.9140539459600273,cc7ef1337e7f28ad,0.004,-5.9567881928282215e-05,False,-0.10792656300360325,1302,False,1.0,0.49001536098310294
0.008333333333333333,0.5555555555555555,4.7953567921185726e-05,1056,-0.00018486899166810888,-0.005,98,97,629,False,30,15:40,False,0.09455445184200074,08b115aa7cae00fc,0.004,-0.0001369154237469231,False,-1.6718472245317946,907,False,1.0,0.4884233737596472
0.017708333333333336,0.5555555555555555,-6.7073750733217e-05,792,-0.00021466381604412849,-0.005,148,159,261,False,60,15:40,False,0.1747937669104075,11e46771289430cf,0.004,-0.0002817375667773449,False,-1.3569604834689888,674,False,1.0,0.4732937685459941
0.014583333333333335,0.5555555555555555,-1.6800747477275363e-05,683,-0.00028267571322601804,-0.005,177,200,66,False,120,15:40,False,0.14102517347755164,0db3c9f980a9d0d0,0.004,-0.00029947646070329313,False,-1.47198409182508,560,False,1.0,0.49642857142857144
0.0010416666666666667,0.5555555555555555,5.84216576322324e-05,665,-0.0003895179803062099,-0.005,187,217,2,False,240,15:40,False,0.051440359909926445,71bbb13a8d3ee775,0.004,-0.00033109632267397707,False,-1.9477877938518635,534,False,1.0,0.50187265917603
0.09270833333333334,0.4166666666666667,3.1748917615722393e-06,649,6.338921168273844e-06,-0.008,6,2,578,False,5,15:40,False,0.9346431896417826,6d8de0b8545b650e,0.007,9.513812929846056e-06,False,0.08200443132154121,586,False,1.0,0.48976109215017066
0.059375000000000004,0.4166666666666667,-5.8967373733388014e-05,472,-6.728599081414459e-05,-0.008,27,4,381,False,15,15:40,False,0.6255189052777217,17187c00faeec023,0.007,-0.00012625336454753265,False,-0.48804367552581623,441,False,1.0,0.4557823129251701
0.018750000000000003,0.4166666666666667,0.00017005631860330696,313,-0.00029264811252127925,-0.008,49,17,202,False,30,15:40,False,0.19641251159960751,f61a24b8214a8fc2,0.007,-0.0001225917939179723,False,-1.291840139112269,310,False,1.0,0.45483870967741935
0.00625,0.4166666666666667,0.00020808858257365036,233,-0.000583296458142841,-0.008,64,29,95,False,60,15:40,False,0.06533065053468176,768674b7274df277,0.007,-0.0003752078755691906,False,-1.8429887672604655,231,False,1.0,0.41125541125541126
0.016666666666666666,0.4166666666666667,-1.843247413539957e-05,201,-0.0005326172367323681,-0.008,83,43,22,False,120,15:40,False,0.16616030199628576,6ff3d7a6f97df2f2,0.007,-0.0005510497108677673,False,-1.384647426691168,202,False,1.0,0.37623762376237624
0.05625,0.4166666666666667,-0.0002933561889931457,193,-0.0002349407122050787,-0.008,86,49,0,False,240,15:40,False,0.5615335177406444,474bcd7ecb61ad14,0.007,-0.0005282969011982246,False,-0.5805652212637091,193,False,1.0,0.39378238341968913
nan,0.3125,-5.675130705840761e-05,117,0.0005896362850237979,-0.012,2,1,115,True,5,15:40,False,0.008040189419856606,04b0d4f3c7e05a7d,0.011,0.0005328849779653902,False,2.6503774335736368,118,True,1.0,0.5677966101694916
nan,0.3125,-4.624151409406458e-05,97,0.000585538662020806,-0.012,8,1,79,True,15,15:40,False,0.10527843158338245,88fc4f0dfcf6ab25,0.011,0.0005392971479267415,False,1.6197851767489804,99,True,1.0,0.5151515151515151
nan,0.3125,4.0870319781782536e-05,81,0.0005346932556624665,-0.012,8,3,48,True,30,15:40,False,0.27622722684922113,d50688e92b27143b,0.011,0.0005755635754442491,False,1.088833701669103,76,True,1.0,0.4605263157894737
nan,0.3125,-0.0002022512065038353,68,0.0010685899851623605,-0.012,12,9,23,True,60,15:40,False,0.13536469547277952,84133ac634b9c6be,0.011,0.0008663387786585253,False,1.4932769926466358,63,True,1.0,0.4603174603174603
nan,0.3125,-0.0006176197868671651,65,0.0010380793789046576,-0.012,17,11,10,True,120,15:40,False,0.18912541541340164,08b4eef17a6af06e,0.011,0.00042045959203749236,False,1.3131707571686542,59,True,1.0,0.4406779661016949
nan,0.3125,-0.0005044312544542893,66,0.001160664273123991,-0.012,21,14,0,True,240,15:40,False,0.16994135455095297,d17bd25436d94163,0.011,0.0006562330186697015,False,1.3723922721086423,59,True,1.0,0.423728813559322
nan,1.0,-1.4426604365484501e-05,7202,2.0070549428914833e-05,-0.001,11,2141,5044,False,5,15:40,True,0.23568884111487545,0a222da1bcc50cfc,0.0,5.643945063430348e-06,False,1.1858315200710972,7196,True,1.2,0.5811561978877154
nan,1.0,-2.4142993487034956e-05,5855,-5.3893347742632514e-06,-0.001,93,2728,2959,False,15,15:40,True,0.8402520668483853,11c1355811790bb9,0.0,-2.9532328261298146e-05,False,-0.20157106604415798,5901,True,1.2,0.6398915438061346
nan,1.0,-2.7228195763317128e-05,4698,-1.0986909266647865e-05,-0.001,193,2899,1403,False,30,15:40,True,0.7597808886427075,277ed1ef814c7976,0.0,-3.8215105029964935e-05,False,-0.30576853309435315,4665,True,1.2,0.6934619506966774
nan,1.0,-3.536621206907269e-05,3964,-7.549027704576472e-06,-0.001,282,2968,501,False,60,15:40,True,0.8607956456521995,8397cbd9c8c55b5a,0.0,-4.291523977364923e-05,False,-0.1753614295879727,3940,True,1.2,0.7517766497461928
nan,1.0,-3.2718096364730934e-05,3707,-1.212453555484504e-05,-0.001,355,3004,94,False,120,15:40,True,0.7941859723684369,6b90fd638501112e,0.0,-4.484263191957602e-05,False,-0.26087880215651177,3655,True,1.2,0.7775649794801641
nan,1.0,-5.75052743927058e-05,3646,1.2461365642033884e-05,-0.001,368,3009,5,False,240,15:40,True,0.7919503884656847,b17c8ddb975c6fdd,0.0,-4.504390875067197e-05,False,0.26377877775874564,3585,True,1.2,0.7838214783821479
0.02291666666666667,0.8333333333333334,2.3283778549816562e-05,5168,-2.674451713544107e-05,-0.002,11,409,4470,False,5,15:40,False,0.22421155074657584,30d13412641f68c3,0.001,-3.46073858562447e-06,False,-1.2154052917418425,4890,False,1.2,0.5032719836400819
0.1,0.8333333333333334,-4.9117942253167686e-05,4209,3.377612491227934e-07,-0.002,96,836,2766,False,15,15:40,False,0.9925764410684667,31aa47baf934797f,0.001,-4.878018100404458e-05,False,0.009304185596929939,3808,False,1.2,0.5296743697478992
0.07604166666666667,0.8333333333333334,-6.591146908889797e-05,3245,1.6203959476996837e-05,-0.002,175,1078,1356,False,30,15:40,False,0.7602919330962241,55473b48c32b23de,0.001,-4.970750961190132e-05,False,0.3050974502418817,2766,False,1.2,0.5701373825018077
0.042708333333333334,0.8333333333333334,-3.829797467715577e-05,2599,-5.137489176709401e-05,-0.002,265,1178,491,False,60,15:40,False,0.46021829626210187,5d192ede41045204,0.001,-8.96728664442498e-05,False,-0.7384874408840673,2108,False,1.2,0.6318785578747628
0.037500000000000006,0.8333333333333334,-2.1697303028509538e-05,2334,-6.56441335119365e-05,-0.002,332,1232,92,False,120,15:40,False,0.40790530259842056,e3c361d42cdcd75a,0.001,-8.734143654044616e-05,False,-0.8275854650201859,1845,False,1.2,0.6780487804878049
0.0625,0.8333333333333334,-5.8107629454686546e-05,2272,-3.728025561509214e-05,-0.002,346,1240,5,False,240,15:40,False,0.6477530264632664,5384c9b8f5077443,0.001,-9.538788506977895e-05,False,-0.4568859454524775,1782,False,1.2,0.6868686868686869
0.013541666666666667,0.7142857142857143,-1.5578531801585454e-05,3530,4.24084431825662e-05,-0.003,12,96,3200,False,5,15:40,False,0.12838752171794063,5a058a287852b9c2,0.002,2.68299113809808e-05,False,1.5204913873871222,3308,False,1.2,0.5136033857315598
0.04166666666666667,0.7142857142857143,-5.442357847306173e-06,2859,-3.6891339177411576e-05,-0.003,75,277,2139,False,15,15:40,False,0.44017568203124025,8496806a9aef2b9b,0.002,-4.233369702471779e-05,False,-0.7718965817664322,2574,False,1.2,0.5120435120435121
0.06666666666666667,0.7142857142857143,-6.077327783205195e-05,2131,2.9573097604656992e-05,-0.003,144,467,1097,False,30,15:40,False,0.677825509079542,24834ecd9270ca2e,0.002,-3.120018022739483e-05,False,0.41543224042991406,1836,False,1.2,0.5190631808278867
0.07708333333333334,0.7142857142857143,-0.00010175085834083028,1681,2.892211759943192e-05,-0.003,212,586,428,False,60,15:40,False,0.7629469645609912,ac761154a14bca8d,0.002,-7.28287407413985e-05,False,0.30161317331803317,1383,False,1.2,0.556760665220535
0.06979166666666667,0.7142857142857143,-4.879462612760956e-05,1449,-4.549578599869284e-05,-0.003,269,646,87,False,120,15:40,False,0.6906300189435535,00f14c5cafb834f3,0.002,-9.429041212630241e-05,False,-0.3980002262886487,1167,False,1.2,0.6126820908311911
0.051041666666666666,0.7142857142857143,-3.879581129884288e-05,1399,-7.64648960098717e-05,-0.003,284,658,5,False,240,15:40,False,0.5227422926496923,511fc43d1b43711b,0.002,-0.00011526070730871457,False,-0.6391239622198971,1114,False,1.2,0.6265709156193896
0.011458333333333334,0.5555555555555555,-3.9796800367135804e-05,1641,7.105978431625274e-05,-0.005,7,13,1500,False,5,15:40,False,0.11048535466639797,019efd47df879453,0.004,3.1262983949116994e-05,False,1.5960154019999662,1520,False,1.2,0.49407894736842106
0.02604166666666667,0.5555555555555555,-8.170740846167772e-06,1289,-8.871037214960904e-05,-0.005,46,42,1034,False,15,15:40,False,0.25282018520966176,695fa88e6e7f9ecd,0.004,-9.688111299577683e-05,False,-1.1435261948753217,1175,False,1.2,0.4817021276595745
0.0125,0.5555555555555555,-4.548170472602954e-05,963,-0.00018562490491701964,-0.005,97,84,582,False,30,15:40,False,0.11140188118244054,d1457b9983adc62e,0.004,-0.0002311066096430494,False,-1.5919235595298336,845,False,1.2,0.46272189349112425
0.005208333333333334,0.5555555555555555,3.13959848452841e-05,755,-0.0003008406276426396,-0.005,133,147,253,False,60,15:40,False,0.06490525655168329,f2a36e783bb35aa7,0.004,-0.0002694446427973552,False,-1.845910123154607,636,False,1.2,0.4669811320754717
0.020833333333333336,0.5555555555555555,-4.165605304352982e-05,650,-0.00024359786460944677,-0.005,164,185,67,False,120,15:40,False,0.2181837726894666,fc2250f90ac6ddb8,0.004,-0.0002852539176529766,False,-1.2313719775408667,532,False,1.2,0.49624060150375937
0.007291666666666668,0.5555555555555555,2.7643391825521244e-05,623,-0.00036749468049802116,-0.005,176,202,3,False,240,15:40,False,0.07620086228375868,e6b7b16937d1ad6a,0.004,-0.0003398512886724999,False,-1.7731680637612985,509,False,1.2,0.49901768172888017
0.04895833333333333,0.4166666666666667,-3.856885576264263e-05,557,5.5455874921754136e-05,-0.008,6,1,502,False,5,15:40,False,0.5165309944099361,32a290960467369b,0.007,1.68870191591115e-05,False,0.6487020263047333,509,False,1.2,0.4774066797642436
0.03958333333333333,0.4166666666666667,-1.2149213892660152e-05,401,-0.00012116713455311306,-0.008,25,4,337,False,15,15:40,False,0.4307718566221762,4233b3950d12be8c,0.007,-0.00013331634844577304,False,-0.7878715282960556,391,False,1.2,0.4398976982097187
0.05520833333333334,0.4166666666666667,-2.1754586054621206e-05,294,-0.00013425220562781636,-0.008,42,16,189,False,30,15:40,False,0.5599797093528343,3be0c4b7cdc54adf,0.007,-0.00015600679168243753,False,-0.5828716460386082,288,False,1.2,0.4305555555555556
0.03125,0.4166666666666667,4.281449744175094e-05,214,-0.0003579376877612989,-0.008,57,27,87,False,60,15:40,False,0.2763570433220767,a0e10c39e857eee6,0.007,-0.00031512319031954804,False,-1.0885394214992044,217,False,1.2,0.4147465437788018
0.004166666666666667,0.4166666666666667,0.0002601881711258498,191,-0.0007403616987921152,-0.008,75,39,21,False,120,15:40,False,0.059419033317377794,50defbb0ffd27a48,0.007,-0.00048017352766626536,False,-1.885080033230372,189,False,1.2,0.38095238095238093
0.08229166666666667,0.4166666666666667,-0.0004199102733098936,185,-0.00010372049591961632,-0.008,80,45,1,False,240,15:40,False,0.8038933327668503,69cbc1b313fad44b,0.007,-0.0005236307692295097,False,-0.24831158933709266,182,False,1.2,0.3901098901098901
nan,0.3125,-2.8847503290226762e-05,96,0.0004118485740246168,-0.012,3,1,95,True,5,15:40,False,0.08553712512879169,8ff1931b3f2eb9ac,0.011,0.0003830010707343901,False,1.7194243854276239,99,True,1.2,0.5858585858585859
nan,0.3125,-0.00026594423995120235,90,0.0010037778512038337,-0.012,6,1,70,True,15,15:40,False,0.007870355366591204,e3d6c8bbf61c91d6,0.011,0.0007378336112526313,False,2.6575815193826355,88,True,1.2,0.5227272727272727
nan,0.3125,1.66786983895137e-05,73,0.0008412095384859351,-0.012,7,3,43,True,30,15:40,False,0.10966339651258225,c3e34f058462b371,0.011,0.0008578882368754488,False,1.5997079089303223,69,True,1.2,0.4927536231884058
nan,0.3125,-4.3022848996673015e-05,65,0.0008772661873852347,-0.012,10,7,22,True,60,15:40,False,0.22748299762148447,c5203f451e0c05ff,0.011,0.0008342433383885618,False,1.2068679622253184,57,True,1.2,0.45614035087719296
nan,0.3125,-0.0003743728698982639,62,0.0006110376289534678,-0.012,13,8,11,True,120,15:40,False,0.4426937762110144,423c9102607e709d,0.011,0.0002366647590552038,False,0.7676523096160159,52,True,1.2,0.4230769230769231
nan,0.3125,-0.00021162153905977655,58,0.0006690017975687749,-0.012,17,12,0,True,240,15:40,False,0.44750945179637897,58955080c7eb065c,0.011,0.0004573802585089984,False,0.7595736882392735,51,True,1.2,0.39215686274509803
nan,1.0,-8.876439324933562e-06,8625,5.89049051455941e-06,-0.001,15,2643,5685,False,5,15:55,True,0.6929094153135262,514131117b31bab9,0.0,-2.985948810374149e-06,False,0.3949098568415676,8697,True,1.0,0.5821547660112683
nan,1.0,-1.914583931471976e-05,7022,-9.53738504793536e-06,-0.001,112,3296,3202,False,15,15:55,True,0.6867855598813433,f2e628fd77a4c3f6,0.0,-2.8683224362655133e-05,False,-0.40322112560552653,7068,True,1.0,0.6417657045840407
nan,1.0,-2.7068488892032515e-05,5622,-1.7178499362103443e-06,-0.001,207,3459,1469,False,30,15:55,True,0.9557013716372305,7424aebac3044fdc,0.0,-2.8786338828242805e-05,False,-0.05554865128053741,5621,True,1.0,0.701120797011208
nan,1.0,-3.6070003581333674e-05,4861,-6.941267882042815e-06,-0.001,307,3524,511,False,60,15:55,True,0.8469403846832244,4ef790b8bc83d08d,0.0,-4.3011271463376347e-05,False,-0.19302372874451307,4835,True,1.0,0.7491209927611169
nan,1.0,-2.8178662036450384e-05,4557,-1.1911088031040599e-05,-0.001,373,3558,97,False,120,15:55,True,0.7580018129762275,4de83a8cf5ffc773,0.0,-4.0089750067490935e-05,False,-0.3081058197668006,4530,True,1.0,0.7699779249448123
nan,1.0,-4.349595021510722e-05,4501,2.73462857753453e-06,-0.001,388,3563,5,False,240,15:55,True,0.9445561473926459,fca00a1b111ea1d7,0.0,-4.076132163757274e-05,False,0.06954458179060442,4458,True,1.0,0.7741139524450427
0.09479166666666666,0.8333333333333334,-4.555126176954759e-06,6352,1.0361884135154735e-06,-0.002,17,520,5121,False,5,15:55,False,0.9573895841121094,0bf2d2f4f49a1a2d,0.001,-3.5189377634393e-06,False,0.05342964692477033,5980,False,1.0,0.5058528428093646
0.04791666666666667,0.8333333333333334,-2.325762850539614e-05,5062,-2.1156053290506684e-05,-0.002,118,1027,3003,False,15,15:55,False,0.5111383387568476,0bd85c9d27c66cc8,0.001,-4.441368179590268e-05,False,-0.6570662190633414,4568,False,1.0,0.5260507880910683
0.08645833333333335,0.8333333333333334,-4.5173821257466e-05,3862,8.002089574147554e-06,-0.002,193,1248,1417,False,30,15:55,False,0.8615232828486934,07173088ddeb6751,0.001,-3.71717316833183e-05,False,0.17443541620781278,3304,False,1.0,0.573547215496368
0.07916666666666666,0.8333333333333334,-6.225313739179313e-05,3117,-1.6719811148182884e-05,-0.002,297,1337,500,False,60,15:55,False,0.7790107162346817,64ff39a04b8bc621,0.001,-7.897294853997625e-05,False,-0.28060847339732686,2586,False,1.0,0.6206496519721578
0.040625,0.8333333333333334,-2.953977302302008e-05,2806,-5.147472955420418e-05,-0.002,357,1388,93,False,120,15:55,False,0.4385241389721963,f443843167029c5c,0.001,-8.101450257722419e-05,False,-0.774687838516546,2299,False,1.0,0.6615919965202262
0.05208333333333334,0.8333333333333334,-3.963934041444814e-05,2715,-4.258446296733655e-05,-0.002,369,1395,5,False,240,15:55,False,0.5346722232618291,a956fbc21566f9b1,0.001,-8.222380338178472e-05,False,-0.6208896625197435,2229,False,1.0,0.6675639300134589
0.09583333333333334,0.7142857142857143,6.0313807829513784e-06,4293,-1.0761460675326525e-06,-0.003,15,121,3644,False,5,15:55,False,0.9660667178328267,68d0efd94c0d1277,0.002,4.955234715418725e-06,False,-0.04254189092369593,4022,False,1.0,0.5034808552958727
0.096875,0.7142857142857143,-5.275692788779507e-05,3394,1.6065953456092347e-06,-0.003,92,331,2317,False,15,15:55,False,0.9695003692022275,3555413862d1015f,0.002,-5.11503325421857e-05,False,0.03823493242460934,3060,False,1.0,0.49836601307189543
0.06875,0.7142857142857143,-4.0937433438077616e-05,2525,-2.4931561282571523e-05,-0.003,166,511,1160,False,30,15:55,False,0.6892418235183471,383b1ea0cc0be67e,0.002,-6.586899472064925e-05,False,-0.3998841818086083,2183,False,1.0,0.5185524507558406
0.08020833333333334,0.7142857142857143,-6.601014919242422e-05,1978,-2.3138180678201222e-05,-0.003,240,632,436,False,60,15:55,False,0.7794530373645062,26d2bb536f04bb63,0.002,-8.914832987062555e-05,False,-0.2800318915951684,1675,False,1.0,0.5492537313432836
0.078125,0.7142857142857143,-7.613314261754326e-05,1727,-2.7531195706754206e-05,-0.003,291,690,88,False,120,15:55,False,0.775693452602108,f4424166036fdb0f,0.002,-0.00010366433832429745,False,-0.2849356372330239,1442,False,1.0,0.5963938973647711
0.09895833333333334,0.7142857142857143,-0.00011857896018511705,1663,-1.478514384783874e-06,-0.003,302,703,6,False,240,15:55,False,0.988307133744866,a9ce90ee4535fa78,0.002,-0.00012005747456990134,False,-0.014655359178312592,1384,False,1.0,0.6047687861271677
0.08958333333333335,0.5555555555555555,1.6546332385103393e-05,1999,-4.471782569937058e-06,-0.005,9,17,1701,False,5,15:55,False,0.911211744011878,77cd502518841d6e,0.004,1.2074549815166297e-05,False,-0.11151024237811695,1861,False,1.0,0.48683503492745833
0.02916666666666667,0.5555555555555555,2.1059274247230092e-05,1576,-7.596502822046662e-05,-0.005,50,51,1140,False,15,15:55,False,0.2676520397723363,9f5b028c68f2ab36,0.004,-5.490575397323668e-05,False,-1.1084858662844996,1434,False,1.0,0.4895397489539749
0.025,0.5555555555555555,-1.7969299927525175e-05,1165,-0.00011280911756819724,-0.005,98,97,629,False,30,15:55,False,0.2515669070461537,13526e0e5e691069,0.004,-0.00013077841749572225,False,-1.1465517997678294,1033,False,1.0,0.4782187802516941
0.05,0.5555555555555555,-0.00015448205878707032,914,-8.904338254642639e-05,-0.005,148,159,261,False,60,15:55,False,0.5208728408454235,efb4f62cfe717c61,0.004,-0.00024352544133349614,False,-0.6420005269658123,792,False,1.0,0.4696969696969697
0.009375000000000001,0.5555555555555555,2.03990775276575e-05,787,-0.0002664954658978744,-0.005,177,200,66,False,120,15:55,False,0.10371242849226611,5de2fe51163949e5,0.004,-0.00024609638837021675,False,-1.627116164795795,675,False,1.0,0.4918518518518519
0.034375,0.5555555555555555,-0.00010944317458155738,762,-0.00016351089581868256,-0.005,187,217,2,False,240,15:55,False,0.33922866069082974,6f33ef2bca8d898d,0.004,-0.0002729540704002398,False,-0.9556904264390693,647,False,1.0,0.49613601236476046
0.084375,0.4166666666666667,1.5847097416295976e-05,709,-1.5729903700047372e-05,-0.008,6,2,578,False,5,15:55,False,0.8319024600356278,66a2f6d688a3872e,0.007,1.1719371624866091e-07,False,-0.21226223009160397,642,False,1.0,0.48442367601246106
0.06770833333333334,0.4166666666666667,-8.078552370374532e-05,540,-5.250011966105743e-05,-0.008,27,4,381,False,15,15:55,False,0.6859619544928466,ddb26d08a6c1533d,0.007,-0.0001332856433648027,False,-0.4043410343629737,494,False,1.0,0.44534412955465585
0.07395833333333333,0.4166666666666667,-5.198752694374637e-05,369,-7.043936625541068e-05,-0.008,49,17,202,False,30,15:55,False,0.7291782121331523,d17f5dbf6d1addd4,0.007,-0.00012242689319915702,False,-0.34621889969954933,359,False,1.0,0.4456824512534819
0.021875000000000002,0.4166666666666667,3.1592959204097196e-06,296,-0.0003228642076156309,-0.008,64,29,95,False,60,15:55,False,0.22391753745880516,81e14e51904a73f4,0.007,-0.00031970491169522114,False,-1.216176910278378,282,False,1.0,0.4078014184397163
0.028125,0.4166666666666667,-0.00011043602996556887,259,-0.0003511227808982758,-0.008,83,43,22,False,120,15:55,False,0.266725091923444,5988cb5f3b7c889c,0.007,-0.00046155881086384405,False,-1.1106359268823824,253,False,1.0,0.383399209486166
0.003125,0.4166666666666667,0.00017368038831784406,249,-0.000617445929757353,-0.008,86,49,0,False,240,15:55,False,0.05819435244751127,f6b7e6830b052e2d,0.007,-0.0004437655414395087,False,-1.8942310196847842,242,False,1.0,0.3925619834710744
nan,0.3125,-4.304843312066868e-05,135,0.0005328399077357925,-0.012,2,1,115,True,5,15:55,False,0.009544781587564765,8e4b4ef3e88ff799,0.011,0.0004897914746151236,False,2.591898901828553,141,True,1.0,0.5531914893617021
nan,0.3125,4.337231121794443e-05,123,0.0004783759624053171,-0.012,8,1,79,True,15,15:55,False,0.11969419176112461,8cccdf4a3fcbfb7f,0.011,0.0005217482736232617,False,1.5560584596809877,121,True,1.0,0.5289256198347108
nan,0.3125,3.5389543497156205e-05,100,0.0005020669918499603,-0.012,8,3,48,True,30,15:55,False,0.2137731764539284,08632a535908853e,0.011,0.0005374565353471165,False,1.2432569124829773,98,True,1.0,0.47959183673469385
nan,0.3125,0.0001635716503231417,89,0.0005526164442966053,-0.012,12,9,23,True,60,15:55,False,0.2961313006203498,4ed52c58228529e5,0.011,0.0007161880946197468,False,1.0447656364222966,84,True,1.0,0.47619047619047616
nan,0.3125,0.00048671372683785504,87,-0.00014958574141384567,-0.012,17,11,10,True,120,15:55,False,0.7901519835483526,3cf57d2947134738,0.011,0.0003371279854240092,False,-0.2661132594090129,81,True,1.0,0.4444444444444444
nan,0.3125,0.0004373761359542058,86,9.664677513614444e-05,-0.012,21,14,0,True,240,15:55,False,0.8736698363687837,c956d779f03246bf,0.011,0.0005340229110903503,False,0.15899877829243678,80,True,1.0,0.4375
nan,1.0,2.5130561333177086e-06,7603,2.4162551276493215e-06,-0.001,11,2215,5044,False,5,15:55,True,0.8807543127082678,34bdcfd2c85defe0,0.0,4.929311260966996e-06,False,0.15001305842984722,7609,True,1.2,0.5807596267577868
nan,1.0,-2.4182110325295135e-06,6286,-2.5041717447244805e-05,-0.001,93,2803,2959,False,15,15:55,True,0.32184733763314366,665f132020656d88,0.0,-2.7459928479774323e-05,False,-0.9906687858261457,6297,True,1.2,0.6341114816579323
nan,1.0,-3.47647858810028e-05,5054,-1.6960079826133957e-06,-0.001,193,2972,1403,False,30,15:55,True,0.9595220024790944,19b4a1f2afc6468d,0.0,-3.646079386361619e-05,False,-0.05075342750695331,5044,True,1.2,0.6812053925455988
nan,1.0,-3.054886059202499e-05,4330,-1.1563535888629564e-05,-0.001,282,3037,501,False,60,15:55,True,0.7701822500396823,828532ff28913a2b,0.0,-4.211239648065453e-05,False,-0.292136513460892,4308,True,1.2,0.7323584029712163
nan,1.0,-4.4947908807273945e-05,4071,2.0387717601488397e-06,-0.001,355,3073,94,False,120,15:55,True,0.9620744482613247,c16b4181581e4536,0.0,-4.290913704712486e-05,False,0.047550543142656304,4019,True,1.2,0.7556606120925603
nan,1.0,-3.778040601778066e-05,4000,-4.841223009425457e-06,-0.001,368,3077,5,False,240,15:55,True,0.9105308967900227,93355b39744a977f,0.0,-4.262162902720588e-05,False,-0.11236892085715394,3947,True,1.2,0.761084367874335
0.030208333333333334,0.8333333333333334,-2.8663938878891383e-05,5500,2.3170908878927523e-05,-0.002,11,413,4470,False,5,15:55,False,0.26766068262105713,79196af1ada4e8f9,0.001,-5.493029999963952e-06,False,1.1084658432576353,5206,False,1.2,0.5036496350364964
0.03333333333333333,0.8333333333333334,-1.276041899359878e-05,4518,-3.51103815461259e-05,-0.002,96,839,2766,False,15,15:55,False,0.3031587598949924,0e91406094cca8f5,0.001,-4.7870800539724463e-05,False,-1.0296831671744235,4108,False,1.2,0.5243427458617332
0.07291666666666667,0.8333333333333334,-3.472714719394431e-05,3576,-1.709392335576142e-05,-0.002,175,1082,1356,False,30,15:55,False,0.7230888435006504,42070e56a2551af3,0.001,-5.182107054970572e-05,False,-0.3543336619232712,3051,False,1.2,0.557194362504097
0.065625,0.8333333333333334,-6.169710292813023e-05,2865,-2.7417446568906716e-05,-0.002,265,1181,491,False,60,15:55,False,0.6594141484173895,65a0972606bb3b3d,0.001,-8.911454949703709e-05,False,-0.4407221646750933,2382,False,1.2,0.6112510495382032
0.04583333333333334,0.8333333333333334,-3.8384931758020664e-05,2575,-4.739670993405429e-05,-0.002,332,1235,92,False,120,15:55,False,0.5036015937264499,9965a1ba76c3f0f5,0.001,-8.578164169207487e-05,False,-0.6688336578481425,2116,False,1.2,0.6493383742911153
0.044791666666666674,0.8333333333333334,-4.126223274182687e-05,2535,-5.1338062479130026e-05,-0.002,346,1243,5,False,240,15:55,False,0.47953523553701355,69ebea8af220b816,0.001,-9.260029522095696e-05,False,-0.7070502748503555,2051,False,1.2,0.6562652364700147
0.043750000000000004,0.7142857142857143,3.1596568637020687e-06,3769,1.883720947879992e-05,-0.003,12,96,3200,False,5,15:55,False,0.4724593366822171,1b6892900ab2e74b,0.002,2.199686634250196e-05,False,0.7184833074675283,3545,False,1.2,0.5136812411847673
0.07083333333333335,0.7142857142857143,-2.9050687239415937e-05,3077,-1.7119518196562015e-05,-0.003,75,277,2139,False,15,15:55,False,0.699290984353118,2f6f4cbfebdfdb68,0.002,-4.617020543597802e-05,False,-0.38627774020900113,2797,False,1.2,0.5048265999284948
0.06041666666666667,0.7142857142857143,-6.659760748459216e-05,2341,3.030396275936754e-05,-0.003,144,467,1097,False,30,15:55,False,0.6376488042766013,6bdd14c201c17f7f,0.002,-3.6293644725224623e-05,False,0.47098870020014566,2048,False,1.2,0.51123046875
0.08333333333333334,0.7142857142857143,-9.015720601351866e-05,1885,1.9142984039840783e-05,-0.003,212,586,428,False,60,15:55,False,0.8220400586526191,adfce9759db4b603,0.002,-7.101422197367795e-05,False,0.2249218657830994,1583,False,1.2,0.5464308275426406
0.08125,0.7142857142857143,-6.224010112420788e-05,1630,-2.6286937599040425e-05,-0.003,269,646,87,False,120,15:55,False,0.7925327895468345,41039da082838b15,0.002,-8.852703872324827e-05,False,-0.26302308056937396,1370,False,1.2,0.591970802919708
0.023958333333333335,0.7142857142857143,1.5042290696045842e-05,1587,-0.00012026986204375934,-0.003,284,658,5,False,240,15:55,False,0.24536860095500507,eea667465414e92d,0.002,-0.00010522757134771351,False,-1.1616723013939996,1314,False,1.2,0.6027397260273972
0.057291666666666664,0.5555555555555555,1.5632791535834013e-08,1777,2.3794106224644704e-05,-0.005,7,13,1500,False,5,15:55,False,0.573148109950635,6f740d06ecf4f68c,0.004,2.380973901618052e-05,False,0.5634211920304122,1648,False,1.2,0.4963592233009709
0.08750000000000001,0.5555555555555555,-7.367747630294171e-05,1428,-1.1991047113442638e-05,-0.005,46,42,1034,False,15,15:55,False,0.8665744298762232,655f1165fdab2e66,0.004,-8.566852341638434e-05,False,-0.16801124846473883,1301,False,1.2,0.4827056110684089
0.015625,0.5555555555555555,-5.241185980550614e-05,1093,-0.00015041770533596798,-0.005,97,84,582,False,30,15:55,False,0.15365666577754175,3936e4a37be02ee4,0.004,-0.00020282956514147438,False,-1.4267337076500948,965,False,1.2,0.46424870466321244
0.019791666666666666,0.5555555555555555,-5.6041072492815015e-05,863,-0.00018038108900865398,-0.005,133,147,253,False,60,15:55,False,0.20521356239416852,d6fe074bf4a1e576,0.004,-0.0002364221615014686,False,-1.2668370468138375,746,False,1.2,0.467828418230563
0.03229166666666667,0.5555555555555555,-5.34058091619917e-05,760,-0.00018265466220998837,-0.005,164,185,67,False,120,15:55,False,0.2833355274021733,6ebb37508e6c21a5,0.004,-0.00023606047137198025,False,-1.0728564522861832,643,False,1.2,0.49611197511664074
0.0020833333333333333,0.5555555555555555,5.756878162733871e-05,732,-0.00033725751584799305,-0.005,176,202,3,False,240,15:55,False,0.05794860748388413,97ebc778052e1572,0.004,-0.00027968873422065443,False,-1.8960864995106819,617,False,1.2,0.4959481361426256
0.09791666666666667,0.4166666666666667,4.996291689009524e-06,615,-1.3643215626631225e-06,-0.008,6,1,502,False,5,15:55,False,0.9865689153235977,e2924eb1f522435a,0.007,3.6319701263464292e-06,False,-0.01683416337356513,565,False,1.2,0.479646017699115
0.053125000000000006,0.4166666666666667,-4.495837605430862e-05,466,-8.289330491483892e-05,-0.008,25,4,337,False,15,15:55,False,0.5499119805005603,3487a2e8cc029916,0.007,-0.00012785168096914742,False,-0.5978920265274233,443,False,1.2,0.4401805869074492
0.07500000000000001,0.4166666666666667,-9.546269370105354e-05,340,-6.649495314797131e-05,-0.008,42,16,189,False,30,15:55,False,0.7528071917385089,9cd0b12973ce7a4a,0.007,-0.00016195764684902495,False,-0.3149400243426267,336,False,1.2,0.4255952380952381
0.010416666666666668,0.4166666666666667,0.00016956184543088867,276,-0.0004450085043581146,-0.008,57,27,87,False,60,15:55,False,0.10792921664127328,9c50ae09202c251d,0.007,-0.00027544665892722625,False,-1.6075707773633843,263,False,1.2,0.4144486692015209
0.036458333333333336,0.4166666666666667,-0.00010727983371627625,238,-0.00028845911842862837,-0.008,75,39,21,False,120,15:55,False,0.38225383505072563,ca918d2ae1109db4,0.007,-0.0003957389521449042,False,-0.8737510649049784,238,False,1.2,0.3907563025210084
0.027083333333333334,0.4166666666666667,-3.724633619307016e-05,226,-0.00038870275189274424,-0.008,80,45,1,False,240,15:55,False,0.25321379682977896,8f828771106a47cd,0.007,-0.0004259490880858141,False,-1.1425781136851176,229,False,1.2,0.39737991266375544
nan,0.3125,9.166259427603422e-05,123,0.0002698014045383592,-0.012,3,1,95,True,5,15:55,False,0.19660879004211287,034f973aa78b66cd,0.011,0.0003614639988143934,False,1.2912736911305172,121,True,1.2,0.5785123966942148
nan,0.3125,4.023099145638032e-05,112,0.0006265067092885075,-0.012,6,1,70,True,15,15:55,False,0.058126673898307904,198649a9d39390f4,0.011,0.0006667377007448878,False,1.8947413711193442,109,True,1.2,0.5412844036697247
nan,0.3125,8.928266872745696e-05,94,0.0006531397304423983,-0.012,7,3,43,True,30,15:55,False,0.11311868589544297,fcdab8b979a75c11,0.011,0.0007424223991698553,False,1.584329808201219,90,True,1.2,0.5111111111111111
nan,0.3125,0.00028103586374589464,84,0.0003905130419443585,-0.012,10,7,22,True,60,15:55,False,0.46332775403546517,09f4de3cc42a13b5,0.011,0.0006715489056902532,False,0.7333782615385898,77,True,1.2,0.4675324675324675
nan,0.3125,0.0004337971152034921,82,-0.0002504579793482442,-0.012,13,8,11,True,120,15:55,False,0.6524261997697525,0fe18ac82f615a2b,0.011,0.00018333913585524792,False,-0.45039423684895896,73,True,1.2,0.4246575342465753
nan,0.3125,0.0004861056289116011,77,-0.0001212124383890044,-0.012,17,12,0,True,240,15:55,False,0.8459437120557135,f7f2bf5cb3266624,0.011,0.00036489319052259665,False,-0.1942965178248823,71,True,1.2,0.4084507042253521
